{
  "posts":  [
  {"Name":"NewYork Red","id":216,"Price":123,"ImgSrc":"0216-01.jpg","excerpt": "Lorem Ipsum is simply dummy text of the printing and typesetting industry."},
  {"Name":"Californication","id":247,"Price":57,"ImgSrc":"0247-01.jpg", "excerpt": "Lorem Ipsum is simply dummy text of the printing and typesetting industry."},
  {"Name":"Товар 3","id":248,"Price":0,"ImgSrc":"0248-01.jpg","excerpt": "Lorem Ipsum is simply dummy text of the printing and typesetting industry."},
  {"Name":"Товар 4","id":249,"Price":45,"ImgSrc":"0249-01.jpg","excerpt": "Lorem Ipsum is simply dummy text of the printing and typesetting industry."},
  {"Name":"Товар 5","id":251,"Price":455,"ImgSrc":"0251-01.jpg","excerpt": "Lorem Ipsum is simply dummy text of the printing and typesetting industry."},
  {"Name":"Товар 6","id":252,"Price":77,"ImgSrc":"0252-01.jpg","excerpt": "Lorem Ipsum is simply dummy text of the printing and typesetting industry."},
  {"Name":"Товар 7","id":253,"Price":123,"ImgSrc":"0253-01.jpg","excerpt": "Lorem Ipsum is simply dummy text of the printing and typesetting industry."},
  {"Name":"Товар 8","id":310,"Price":57,"ImgSrc":"0310-01.jpg", "excerpt": "Lorem Ipsum is simply dummy text of the printing and typesetting industry."},
  {"Name":"Товар 9","id":311,"Price":6464,"ImgSrc":"0311-01.jpg","excerpt": "Lorem Ipsum is simply dummy text of the printing and typesetting industry."},
  {"Name":"Товар 10","id":279,"Price":45,"ImgSrc":"0279-01.jpg","excerpt": "Lorem Ipsum is simply dummy text of the printing and typesetting industry."},
  {"Name":"Товар 11","id":280,"Price":455,"ImgSrc":"0280-01.jpg","excerpt": "Lorem Ipsum is simply dummy text of the printing and typesetting industry."},
  {"Name":"Товар 12","id":281,"Price":77,"ImgSrc":"0281-01.jpg","excerpt": "Lorem Ipsum is simply dummy text of the printing and typesetting industry."},
  {"Name":"Товар 13","id":282,"Price":123,"ImgSrc":"0282-01.jpg","excerpt": "Lorem Ipsum is simply dummy text of the printing and typesetting industry."},
  {"Name":"Товар 14","id":283,"Price":57,"ImgSrc":"0283-01.jpg", "excerpt": "Lorem Ipsum is simply dummy text of the printing and typesetting industry."},
  {"Name":"Товар 15","id":284,"Price":6464,"ImgSrc":"0284-01.jpg","excerpt": "Lorem Ipsum is simply dummy text of the printing and typesetting industry."},
  {"Name":"Товар 16","id":285,"Price":45,"ImgSrc":"0285-01.jpg","excerpt": "Lorem Ipsum is simply dummy text of the printing and typesetting industry."},
  {"Name":"Товар 17","id":287,"Price":455,"ImgSrc":"0287-01.jpg","excerpt": "Lorem Ipsum is simply dummy text of the printing and typesetting industry."},
  {"Name":"Товар 18","id":289,"Price":77,"ImgSrc":"0289-01.jpg","excerpt": "Lorem Ipsum is simply dummy text of the printing and typesetting industry."},
  {"Name":"Товар 19","id":338,"Price":123,"ImgSrc":"0338-01.jpg","excerpt": "Lorem Ipsum is simply dummy text of the printing and typesetting industry."},
  {"Name":"Товар 20","id":342,"Price":57,"ImgSrc":"0342-01.jpg", "excerpt": "Lorem Ipsum is simply dummy text of the printing and typesetting industry."},
  {"Name":"Товар 21","id":343,"Price":6464,"ImgSrc":"0343-01.jpg","excerpt": "Lorem Ipsum is simply dummy text of the printing and typesetting industry."},
  {"Name":"Товар 22","id":344,"Price":45,"ImgSrc":"0344-01.jpg","excerpt": "Lorem Ipsum is simply dummy text of the printing and typesetting industry."},
  {"Name":"Товар 23","id":345,"Price":455,"ImgSrc":"0345-01.jpg","excerpt": "Lorem Ipsum is simply dummy text of the printing and typesetting industry."},
  {"Name":"Товар 24","id":440,"Price":77,"ImgSrc":"0440-01.jpg","excerpt": "Lorem Ipsum is simply dummy text of the printing and typesetting industry."},
  {"Name":"Товар 25","id":441,"Price":123,"ImgSrc":"0441-01.jpg","excerpt": "Lorem Ipsum is simply dummy text of the printing and typesetting industry."},
  {"Name":"Товар 26","id":442,"Price":57,"ImgSrc":"0442-01.jpg", "excerpt": "Lorem Ipsum is simply dummy text of the printing and typesetting industry."},
  {"Name":"Товар 27","id":443,"Price":6464,"ImgSrc":"0443-01.jpg","excerpt": "Lorem Ipsum is simply dummy text of the printing and typesetting industry."},
  {"Name":"Товар 28","id":444,"Price":45,"ImgSrc":"0444-01.jpg","excerpt": "Lorem Ipsum is simply dummy text of the printing and typesetting industry."},
  {"Name":"Товар 29","id":445,"Price":455,"ImgSrc":"0445-01.jpg","excerpt": "Lorem Ipsum is simply dummy text of the printing and typesetting industry."},
  {"Name":"Товар 30","id":446,"Price":77,"ImgSrc":"0446-01.jpg","excerpt": "Lorem Ipsum is simply dummy text of the printing and typesetting industry."},
  {"Name":"Товар 31","id":447,"Price":123,"ImgSrc":"0447-01.jpg","excerpt": "Lorem Ipsum is simply dummy text of the printing and typesetting industry."},
  {"Name":"Товар 32","id":448,"Price":57,"ImgSrc":"0448-01.jpg", "excerpt": "Lorem Ipsum is simply dummy text of the printing and typesetting industry."},
  {"Name":"Товар 33","id":449,"Price":6464,"ImgSrc":"0449-01.jpg","excerpt": "Lorem Ipsum is simply dummy text of the printing and typesetting industry."},
  {"Name":"Товар 34","id":450,"Price":45,"ImgSrc":"0450-01.jpg","excerpt": "Lorem Ipsum is simply dummy text of the printing and typesetting industry."},
  {"Name":"Товар 35","id":451,"Price":455,"ImgSrc":"0451-01.jpg","excerpt": "Lorem Ipsum is simply dummy text of the printing and typesetting industry."},
  {"Name":"Товар 36","id":452,"Price":77,"ImgSrc":"0452-01.jpg","excerpt": "Lorem Ipsum is simply dummy text of the printing and typesetting industry."},
  {"Name":"Товар 37","id":453,"Price":123,"ImgSrc":"0453-01.jpg","excerpt": "Lorem Ipsum is simply dummy text of the printing and typesetting industry."},
  {"Name":"Товар 38","id":454,"Price":57,"ImgSrc":"0454-01.jpg", "excerpt": "Lorem Ipsum is simply dummy text of the printing and typesetting industry."},
  {"Name":"Товар 39","id":455,"Price":6464,"ImgSrc":"0455-01.jpg","excerpt": "Lorem Ipsum is simply dummy text of the printing and typesetting industry."},
  {"Name":"Товар 40","id":456,"Price":45,"ImgSrc":"0456-01.jpg","excerpt": "Lorem Ipsum is simply dummy text of the printing and typesetting industry."},
  {"Name":"Товар 41","id":458,"Price":455,"ImgSrc":"0458-01.jpg","excerpt": "Lorem Ipsum is simply dummy text of the printing and typesetting industry."},
  {"Name":"Товар 42","id":459,"Price":77,"ImgSrc":"0459-01.jpg","excerpt": "Lorem Ipsum is simply dummy text of the printing and typesetting industry."},
  {"Name":"Товар 43","id":460,"Price":123,"ImgSrc":"0460-01.jpg","excerpt": "Lorem Ipsum is simply dummy text of the printing and typesetting industry."},
  {"Name":"Товар 44","id":461,"Price":57,"ImgSrc":"0461-01.jpg", "excerpt": "Lorem Ipsum is simply dummy text of the printing and typesetting industry."},
  {"Name":"Товар 45","id":462,"Price":6464,"ImgSrc":"0462-01.jpg","excerpt": "Lorem Ipsum is simply dummy text of the printing and typesetting industry."},
  {"Name":"Товар 46","id":463,"Price":45,"ImgSrc":"0463-01.jpg","excerpt": "Lorem Ipsum is simply dummy text of the printing and typesetting industry."},
  {"Name":"Товар 47","id":464,"Price":455,"ImgSrc":"0464-01.jpg","excerpt": "Lorem Ipsum is simply dummy text of the printing and typesetting industry."},
  {"Name":"Товар 48","id":465,"Price":77,"ImgSrc":"0465-01.jpg","excerpt": "Lorem Ipsum is simply dummy text of the printing and typesetting industry."},
  {"Name":"Товар 49","id":466,"Price":123,"ImgSrc":"0466-01.jpg","excerpt": "Lorem Ipsum is simply dummy text of the printing and typesetting industry."},
  {"Name":"Товар 50","id":469,"Price":57,"ImgSrc":"0469-01.jpg", "excerpt": "Lorem Ipsum is simply dummy text of the printing and typesetting industry."},
  {"Name":"Товар 51","id":470,"Price":6464,"ImgSrc":"0470-01.jpg","excerpt": "Lorem Ipsum is simply dummy text of the printing and typesetting industry."},
  {"Name":"Товар 52","id":472,"Price":45,"ImgSrc":"0472-01.jpg","excerpt": "Lorem Ipsum is simply dummy text of the printing and typesetting industry."},
  {"Name":"Товар 53","id":471,"Price":455,"ImgSrc":"0471-01.jpg","excerpt": "Lorem Ipsum is simply dummy text of the printing and typesetting industry."},
  {"Name":"Товар 54","id":473,"Price":77,"ImgSrc":"0473-01.jpg","excerpt": "Lorem Ipsum is simply dummy text of the printing and typesetting industry."}
  ],
  "shoppingCart" : [
    {"id": 1, "inShoppingCart" : [
      {"Name":"Товар 51","id":470,"Price":6464,"ImgSrc":"0470-01.jpg","excerpt": "Lorem Ipsum is simply dummy text of the printing and typesetting industry."},
      {"Name":"Товар 52","id":472,"Price":45,"ImgSrc":"0472-01.jpg","excerpt": "Lorem Ipsum is simply dummy text of the printing and typesetting industry."}
    ]}
  ]
}